{
  "id": "9933d98b-19cb-4198-9c14-49ed84c23ec9",
  "created_at": "2023-05-19T08:02:01.000000Z",
  "updated_at": "2023-08-25T15:55:16.000000Z",
  "name": "Sanity login suite",
  "description": null,
  "starting_url": "https:\/\/app.billboxx.com",
  "execution_type": "sequential",
  "project_id": "98a22a29-78c2-4f46-bc02-82d391cab0ab",
  "environment_ids": [
      "99229d87-c236-4514-a970-3b544060c0cc",
      "9933d94a-d119-4a24-9264-b8faaf9eb807"
  ],
  "test_ids": [
      "992c9134-4f78-4a6f-99c8-ed55556d4016",
      "99124359-06c0-43e3-9788-eae47424eb3c"
  ],
  "test_delay": 0,
  "test_timeout": 0,
  "test_retries": 0
}