{
  "id": "99e317f8-19ed-46ae-a239-8606914493ce",
  "created_at": "2023-08-14T10:46:27.000000Z",
  "updated_at": "2023-11-16T14:03:07.000000Z",
  "name": "Abortive suite",
  "description": null,
  "starting_url": null,
  "execution_type": "sequential",
  "project_id": "98a22a29-78c2-4f46-bc02-82d391cab0ab",
  "environment_ids": [
      "99229d87-c236-4514-a970-3b544060c0cc"
  ],
  "test_ids": [
      "99b39719-369f-438f-b558-1954b421f58a",
      "999c6d65-d726-45fc-9bcb-0e1edcdf82dc",
      "996ab663-b97d-4dd9-bf85-5e7ec8a7a6a8",
      "99e98c99-1387-40cd-8ca7-980a97ca779c"
  ],
  "test_delay": 0,
  "test_timeout": 0,
  "test_retries": 0
}
